CC_time,CV_time,CC_Q,CV_Q,voltage_slope,voltage_entropy,voltage_kurtosis,voltage_skewness,current_slope,current_entropy,IR,QC,TA,TM,TX,CT,capacity
16.823215000000012,12.655641666666636,0.12452782269678593,0.14195386439,6.915957446808692e-06,1.8121294208653531,-0.4225507950577194,-0.9778694789336239,0.00010632873307543448,1.652986960771123,0.016711526,0.97379017,30.228737149489344,29.323576,31.702265,12.295643333333343,0.9716751
16.820176666666644,10.034211666666671,0.13142409127362878,0.143890718,9.827783400809624e-06,1.8421146573507698,-0.5267738671722535,-0.9224499587030032,0.00015171740292602132,1.6461296996768087,0.01694184,0.97256255,29.920580993230143,28.771191,31.388256,12.313733333333342,0.97047353
16.86676166666669,11.86321333333332,0.11999424682930561,0.15751089810000002,8.257298907647046e-06,1.8368362791973858,-0.3961501823038027,-0.9842261078135127,0.00012908180283470276,1.6298484577142598,0.016848978,0.97109348,29.780645760121473,28.102959,31.566097,12.227599999999985,0.97087568
16.81200000000002,11.68135000000002,0.1188891803437426,0.131125521,8.179615004935712e-06,1.814611349398494,-0.49776189133680093,-0.9474640188777329,0.00012761031948308369,1.645510425698566,0.016517298,0.9715237,30.286040899702027,29.080906,32.309261,12.19099499999999,0.97007704
16.74180833333333,11.428278333333342,0.1271841354595756,0.14653959193,7.852035984848209e-06,1.8212151057429247,-0.495697732887205,-0.9455814292585434,0.00012295592716942157,1.664314156293512,0.016813086,0.97061402,30.071343243830167,29.321938,31.064802,12.302570000000014,0.96937793
16.750621666666667,10.105618333333343,0.12927303426901998,0.12417888561000001,8.749950000000118e-06,1.8446899404504253,-0.580920008658774,-0.9026812052458206,0.0001298956427272735,1.650766017362118,0.016860506,0.96987641,29.752165579545434,28.835979,30.718166,12.232783333333343,0.96829432
16.72928666666661,11.543316666666698,0.12960936023938677,0.15028620349,8.84716135458194e-06,1.8283105160845534,-0.4683284174133586,-0.9590866149366913,0.00012957630840275175,1.656143127124288,0.016873298,0.96873927,30.194180619999955,28.974571,32.044243,12.241105000000001,0.96825075
16.73546166666674,10.221838333333288,0.122948833753307,0.13281417671,8.884670050761837e-06,1.8361400361789342,-0.5207024703667487,-0.9379003824937928,0.0001318631896631291,1.6642736488971144,0.016689295,0.96871406,30.3744178227092,28.973061,31.641193,12.219638333333267,0.96712035
16.657281666666677,10.763318333333274,0.11948496657002662,0.12779688378,7.093548387097288e-06,1.8305676500273935,-0.5538971097652241,-0.925316248444538,0.00011089129627932595,1.6543607049027613,0.016683538,0.96754253,30.02636513502536,29.113258,31.209009,12.225859999999981,0.96633095
16.626474999999964,11.324878333333256,0.11939509809400406,0.13830551138,6.496676441838155e-06,1.8610045863984943,-0.4508607481078082,-0.964082858365229,0.00010726992757486995,1.6524628014871807,0.016716938,0.96672779,29.81607584374997,28.544607,31.133474,12.23111000000002,0.96665663
16.58518666666678,9.392815000000095,0.12142389020709879,0.12967152147000002,7.464551083591354e-06,1.863530567395445,-0.5519171909576666,-0.9066357507037427,0.00011395553429027061,1.6386915887107456,0.016599366,0.96639574,30.958595251221883,28.615162,34.263924,12.4500933333334,0.96525216
16.60174833333331,10.361946666666697,0.12202244129781549,0.14300155731,8.250356052899184e-06,1.8414449273442877,-0.518061486078282,-0.9255685484028118,0.00013207326273929646,1.661745011107828,0.016752237,0.9655937,30.71043173993802,29.293859,32.292381,12.241989999999957,0.96481347
16.58451166666661,9.88681333333334,0.1354212418846244,0.13337389551,8.160222672064969e-06,1.8365860333789559,-0.5377921630824014,-0.9191932781565334,0.0001315834509569379,1.6482634958427187,0.016773112,0.96513933,30.332019457782323,28.572426,32.461243,12.342030000000038,0.96401888
16.616690000000016,9.908131666666666,0.1209746594935314,0.11880394575999997,1.0378234086242318e-05,1.8905515283049281,-0.5315716677806059,-0.9161388341611202,0.00015376729839462451,1.6689399643894072,0.01660775,0.96428668,30.17473189878544,27.744801,32.694458,12.32487666666663,0.96377099
16.56944666666665,11.567015000000055,0.1316072588907143,0.13022041671,9.425315227934305e-06,1.8501811730429198,-0.5339609818838764,-0.9324916059682542,0.00014558144255356548,1.6515980670443104,0.016435701,0.96359128,30.921912543121156,29.4,33.006184,12.273651666666654,0.96343994
16.463838333333356,10.663405000000058,0.11943113372322779,0.13978682877,6.18536585365881e-06,1.8564778334556662,-0.6254267823743476,-0.8850998837258122,0.00011182412832594222,1.6858300078160802,0.016707756,0.96330959,30.58142571387013,29.020517,32.154926,12.393015000000014,0.96278155
16.469378333333346,9.007680000000015,0.11318995506125239,0.1272601972,1.0112812500000234e-05,1.8784108796586998,-0.6467795845802571,-0.8590135355965889,0.0001561411420454545,1.6679003506428538,0.01699242,0.96301031,30.659256906504023,28.312033,33.836586,12.287830000000032,0.96169853
16.4542316666666,10.544068333333293,0.1076206462611111,0.12332130936999999,7.27771458117885e-06,1.8744128433312368,-0.5594306655198684,-0.9100889571250457,0.0001140908094387491,1.6806289141333297,0.016841749,0.96196532,30.73039881458328,28.29763,33.499561,12.293328333333436,0.96150035
16.4397649999999,9.953201666666669,0.1146663434105064,0.13376019475999998,7.478904665314512e-06,1.8564590157493346,-0.640347084808925,-0.8858718445730912,0.0001115247648902807,1.6702868426466981,0.016517185,0.96137178,30.60948998345401,29.013966,32.680836,12.2779050000001,0.96043062
16.37537666666661,8.66664833333343,0.12879135071728928,0.11350917801,7.350569358177982e-06,1.863556974861799,-0.5932504042737521,-0.8950897295339337,0.00011374356625258928,1.6721405684061628,0.016746206,0.96073198,30.12908885496952,29.364561,31.170443,12.263226666666743,0.95908165
16.286389999999905,11.945408333333276,0.11266319825600196,0.13461962212,6.634539147671194e-06,1.8282981896820327,-0.4732453981430318,-0.9562022950309537,0.00010918836246508675,1.6447271922383264,0.016864097,0.95931345,29.67555890269149,29.012312,30.496128,12.36573166666664,0.96020985
15.784401666666476,10.464738333333177,0.11836591008576168,0.11729956021999999,8.658746208291598e-06,1.85499615339437,-0.5569812425761729,-0.9056213301124402,0.00013135310000919118,1.6618273950003504,0.016859997,0.96037412,30.708605162537204,28.482601,31.920208,12.276731666666699,0.95904386
16.314933333333464,9.649351666666433,0.1134335617346864,0.13345123926000002,7.247689075630264e-06,1.86149638838944,-0.6968684192674428,-0.8469604405381645,0.00011548548032849608,1.672166211189217,0.016720532,0.95932919,30.303430372093036,29.56414,31.399551,12.357856666666581,0.95793217
16.147320000000036,9.666639999999948,0.12214373914200821,0.10950127737999998,7.146213692946524e-06,1.8438933194957166,-0.5049935947211988,-0.9351373032815675,0.00011405779187099367,1.6700110146262541,0.016902879,0.95817912,29.64096375105041,28.440052,30.84314,12.305239999999806,0.95732766
16.205355000000175,11.399263333333266,0.11532928617030004,0.12086823909999998,8.573302938196549e-06,1.8551758428818181,-0.5561979008826516,-0.9116581484730804,0.00013152352077001018,1.6648643656185564,0.016855594,0.9575752,29.32492544502074,28.021458,30.755669,12.387816666666671,0.95786411
16.25011666666663,8.700304999999936,0.1256316409109538,0.11789450123999999,9.732794577685004e-06,1.8665011911099079,-0.7140922951504884,-0.8378631681478836,0.00015584876955161486,1.6952773625202795,0.016800188,0.95805669,30.156732100304023,28.147465,33.882641,12.279045000000043,0.95617831
16.248261666666803,10.094923333333522,0.1205742259492512,0.12263081148,8.519675456389427e-06,1.8481096013597182,-0.5744076462831815,-0.9073732122205129,0.00013181078692605527,1.6748077468468314,0.016892571,0.95628661,29.940750080291956,28.641617,31.302193,12.31469166666672,0.95598924
16.224106666666678,7.333301666666859,0.12648550566595937,0.094926414,1.0568763796909319e-05,1.8906729763530035,-0.6477107379935791,-0.8591375345584878,0.00014342769917720214,1.6679566249047797,0.016887359,0.95619208,29.51867037119673,28.165857,30.773926,12.321621666666518,0.95433563
16.132051666666666,10.35790166666678,0.117086343631365,0.11218321249000002,7.3429308565533105e-06,1.8664381217731174,-0.6626438846134048,-0.8592769409860044,0.00011366475654376573,1.6691292225213987,0.01674813,0.95452297,29.622615152317888,27.890221,31.733992,12.297884999999951,0.9554469
16.1718683333335,10.117698333333344,0.1211493188164544,0.11107499046999997,7.011082474226369e-06,1.8387071262577448,-0.5844890667087328,-0.9038584788865607,0.00011329150281162374,1.681863806019219,0.016629953,0.95562029,30.15904697110416,27.941111,32.116684,12.372239999999874,0.95446581
16.027211666666698,10.855361666666674,0.1285172144152886,0.15093332434,8.756806806806702e-06,1.8440243515317356,-0.5890569535352443,-0.8940682286631253,0.0001301771093821088,1.6847582834367418,0.016920364,0.95466834,29.794017146391717,28.963064,30.675011,12.329188333333393,0.95407158
15.844258333333466,8.249934999999823,0.11955824825421434,0.10426891100999998,7.015249734325605e-06,1.8797238670029819,-0.6610865148067901,-0.8467321201170347,0.00011685711815283675,1.677221094853484,0.017009087,0.95431542,29.385056180180214,28.386448,30.12775,12.43448833333338,0.95255977
16.006090000000164,10.169719999999991,0.12853822531363246,0.13176997383,7.253952772073664e-06,1.8727288666282118,-0.688264625706148,-0.8448744357997764,0.00011283425331342186,1.6683601808113977,0.016908534,0.95274454,29.504096472901225,28.004669,33.148853,12.418018333333505,0.95310837
15.959576666666543,10.324931666666817,0.12259427675978239,0.12781001993000002,7.5491173416400075e-06,1.8634474326466781,-0.6320497529522346,-0.8713063630505774,0.00011419288822807604,1.6696406205652465,0.016921818,0.95325059,29.98625785626283,29.090403,31.493586,12.413293333333423,0.95249701
15.971236666666663,9.28075333333327,0.1131252975666143,0.10977702097999999,6.847068230277096e-06,1.8682233891657158,-0.6872981151398974,-0.8513601256177911,0.00011726182593525906,1.6689643288093496,0.017044304,0.95268238,29.580767576324124,28.532341,30.904179,12.366638333333443,0.95163614
16.0418716666667,10.319146666666587,0.1249768205932275,0.11268676181000001,8.757559958289629e-06,1.8441285770123375,-0.5356220451311278,-0.9117740307235253,0.0001353631690207597,1.6772010265722108,0.017061207,0.9518007,29.342770602345396,28.060743,30.526144,12.461634999999903,0.95160639
15.720166666666774,10.225319999999918,0.1231573270125995,0.12579430601,7.201275510203984e-06,1.8508402965950943,-0.6008671323994421,-0.880457481287416,0.00011217925834879429,1.6715040502559466,0.016943023,0.95178854,29.71618726590197,27.927818,31.20546,12.365815000000051,0.95125639
15.98143333333331,10.273760000000038,0.12291847486968101,0.13805845674,7.803654822334788e-06,1.8506735898435367,-0.5845500721299661,-0.8841829518072627,0.00011119173604060951,1.6605167509151753,0.017025528,0.95144099,29.981464730612274,28.745884,31.275518,12.377155000000009,0.95059818
15.789244999999937,9.77075166666667,0.11551156986952864,0.1342214679,7.412721584984965e-06,1.8663487460540809,-0.6311485027053907,-0.867666397452366,0.00011459776850886264,1.6709876743116316,0.017025601,0.95079672,29.376309467005054,28.014141,30.5861,12.388420000000043,0.94989985
15.942225000000084,9.666606666666727,0.11289745309799001,0.10952079102,7.599842602308051e-06,1.8621038834757777,-0.5062688439985421,-0.9245163003038462,0.00011566451254411872,1.6495138467517803,0.01692668,0.95006913,29.11818408133468,27.986853,31.126175,12.362940000000041,0.94981217
15.898334999999982,9.557175000000036,0.11956400699611318,0.11034067033999999,7.205791106514853e-06,1.8769575453540406,-0.7484757782309597,-0.8186439268104967,0.00011376042775218583,1.6922536987793304,0.016871447,0.9499225,30.088795507869975,28.515907,31.327234,12.432728333333216,0.94933498
15.83264500000005,10.109783333333326,0.12202277492995,0.12554095847000002,6.994582043344024e-06,1.8578845794229384,-0.5484275890814039,-0.9018945302159943,0.00011337979031804134,1.6700230745848819,0.017023051,0.9494499,30.173135572905867,29.289473,31.418453,12.388798333333154,0.94909602
15.80957833333329,9.711319999999734,0.12627858137905318,0.11701752496000001,9.203715498938555e-06,1.8610701832694243,-0.6603674600106553,-0.8565661680486653,0.0001378976037444515,1.6709726252091943,0.017044755,0.94920552,29.92423868627442,28.393879,31.348923,12.489861666666547,0.94843256
15.949066666666475,10.330438333333102,0.11686426355353342,0.10465936387999998,8.830773195875701e-06,1.8605284934249389,-0.6069166791744807,-0.8951401195840585,0.00013403771649484527,1.6547199591949395,0.016861672,0.94854194,29.595654490445796,27.737038,31.338608,12.466575000000011,0.94870466
15.83658499999971,10.88772333333327,0.1240956514365957,0.12917032501,8.468191056910765e-06,1.8355789793823296,-0.6408928728259813,-0.8887896047222047,0.0001320553464523279,1.6677849754252723,0.016427577,0.94834042,30.192164321649575,27.7959,36.214054,12.356033333333228,0.94828206
15.76864000000011,9.746613333333032,0.11406581390247855,0.11680081921000002,6.830558428128408e-06,1.8681649740106134,-0.6461036411091241,-0.8598425892608067,0.00011371380417410884,1.6798596837954114,0.017075442,0.94839519,30.117293571138138,29.068249,31.325617,12.410286666666797,0.94736844
15.77106833333334,9.292375000000176,0.12751065176693,0.11391254611000001,6.805842812823147e-06,1.8580074510323696,-0.6080439252309664,-0.8789846403774023,0.0001137667016075955,1.65707193838303,0.017058574,0.94739389,29.740010265770497,28.279222,31.615063,12.42574333333323,0.9467966
15.69658333333306,7.750016666666971,0.11491524104268203,0.08658278034000001,9.336199342826156e-06,1.9031179223604588,-0.714212496257856,-0.8178991913324026,0.00014220838295330167,1.6534466546895805,0.017017094,0.94690973,29.692670155118925,27.671051,31.721724,12.428003333333375,0.9462952
15.76229666666671,9.427345000000303,0.11686356861503269,0.10717839942,9.285736842104688e-06,1.8761800584742403,-0.6267505673279805,-0.868818812872226,0.0001368299047846898,1.6700831919135102,0.016580842,0.94646549,30.26151576560791,27.798845,33.219872,12.353566666666786,0.94575393
15.774506666667001,9.847053333333557,0.1179992761814404,0.12880975068,7.656139438085145e-06,1.8659559369179886,-0.640384979342147,-0.8585009924731868,0.0001144932423611776,1.6786701141442313,0.017008459,0.9459179,29.786974274736792,29.058596,30.353762,12.419443333333765,0.94535315
15.5232666666668,10.798753333333298,0.11898989468342999,0.12495531435,6.938951695786766e-06,1.83666378731611,-0.7633602008149007,-0.8352219017538565,0.00011305624871531422,1.702132651744301,0.017092459,0.945512,29.5294399219563,28.667227,30.346762,12.514913333333,0.94536448
15.542593333333208,8.34669333333295,0.11985285385650786,0.12315210864,6.362420382165527e-06,1.879754181342014,-0.5892999102261904,-0.8805066280703027,0.00011661388342018781,1.6633074536365107,0.017108902,0.94542319,29.74431424563204,28.006657,34.741879,12.51377333333318,0.94490409
15.61547166666666,9.654661666666895,0.1146143193139513,0.11453434027999998,8.01040794979082e-06,1.8639830267195951,-0.6622069929740091,-0.8521683500026059,0.00011504762076835134,1.6799402828688363,0.016989959,0.94499886,30.560407984076456,28.295155,32.967033,12.44957333333344,0.94428182
15.62658833333359,8.936061666666742,0.12110500956991065,0.12384111896000002,7.087044745057493e-06,1.8684291981556291,-0.6863254061044279,-0.8363366856237097,0.00011445535332513394,1.6913791171202697,0.016971873,0.94444019,29.710998892259358,28.825781,30.95109,12.43922833333345,0.94339788
15.536381666666905,8.830778333333242,0.11691975884167638,0.10689603877000001,9.28826695371402e-06,1.8762080296906791,-0.6187335557249729,-0.8643006220156999,0.00013979741755553452,1.6923960419125583,0.017059308,0.94352359,29.51559149739859,28.620872,30.238869,12.450266666666721,0.94290632
15.675696666666287,8.790483333333396,0.11186337362313199,0.12576289323,7.118267223381901e-06,1.8809678979875109,-0.6352262161034439,-0.8667735624703392,0.0001148363963750237,1.6538817620795683,0.017028334,0.94304746,29.463031512378834,28.039507,31.624201,12.44368000000007,0.94292444
15.655040000000252,9.882486666666713,0.12539848136362944,0.13030163118,7.313423517169772e-06,1.8466926136243464,-0.552823405770444,-0.9027449849131589,0.00011445489972566493,1.6848644635501442,0.016834883,0.94304729,29.9861961607515,28.894476,31.763569,12.415583333333295,0.9425711
15.578475000000132,9.151989999999932,0.11429382074417078,0.12271612039999999,7.655717367853456e-06,1.8555563677945512,-0.6308120892564126,-0.8735132672901568,0.00011866497352162261,1.695460738694254,0.017153315,0.94263709,29.41680409677422,28.857815,30.317961,12.47910166666649,0.9418416
15.58720333333331,10.828919999999927,0.12318296922730865,0.10863910131999999,8.418940936864033e-06,1.843305257215178,-0.6488778087539755,-0.8714410837409867,0.00013247571097944953,1.6878796909879543,0.017186362,0.94200611,29.408614149946054,28.701321,30.420158,12.569078333332921,0.94228762
15.61945166666701,9.132213333333494,0.11681628388520279,0.11239863514000001,8.916135881103611e-06,1.8679383567259986,-0.6027498625433889,-0.8737809404000791,0.00013778440455510546,1.6789203749944763,0.017175896,0.94241315,29.864589781059127,28.402224,32.036156,12.49415666666658,0.9415108
15.509793333333317,10.321800000000318,0.11057775104639893,0.11511580636,7.2790842872003485e-06,1.8652952372948812,-0.6507266182957521,-0.8541838149067803,0.0001147751669662299,1.6579643493685547,0.016920861,0.94165933,30.147273668789808,29.202337,31.157822,12.442951666666582,0.94126886
15.430511666667005,10.518025000000005,0.1087662768033787,0.13105199537999998,8.742797494780949e-06,1.8499478208795022,-0.6510096807170127,-0.8695381470442081,0.00013566238849876643,1.7098750642144962,0.017175242,0.94139481,29.679311737773205,28.855413,30.970844,12.499963333333532,0.94093335
15.622586666667,9.249950000000052,0.1186662764721086,0.10188477098000001,8.410806451612811e-06,1.8505790431459874,-0.7057998734055051,-0.8445323190777003,0.00011816751759530923,1.6909298132644315,0.017165987,0.94113493,29.664848408141967,28.612507,30.913986,12.5042233333336,0.94027495
15.497141666666721,9.86817333333359,0.1167812023928096,0.12248771982,7.895176848874706e-06,1.8644998261287313,-0.7177029885901507,-0.832354536211037,0.00011782147666374382,1.6741873252700576,0.017188469,0.94048458,29.788421225806434,27.974854,31.500042,12.529688333333374,0.93994486
15.375006666666984,10.06667499999991,0.1185015261626695,0.1139612808,7.778586278586873e-06,1.8465673070420283,-0.8225832923254464,-0.7941047259635703,0.00011420344358344251,1.701234267017615,0.017047696,0.94008517,29.903034101822062,29.187445,30.562246,12.487569999999929,0.93945307
15.553254999999869,8.666693333333143,0.11842537347397959,0.11297391911999999,8.726621338912025e-06,1.8741831375579303,-0.7299075681821536,-0.8204348187996594,0.00013584644494104114,1.701083925169368,0.01722784,0.93955833,29.4394790478171,28.335516,30.80784,12.615265000000363,0.93868631
15.506999999999728,9.166698333333382,0.11178330694873002,0.10918459699000004,7.3098606645226826e-06,1.8926703983552342,-0.7261877772525933,-0.8078345040135056,0.00011782612199162086,1.6700760087272013,0.017210554,0.93877733,29.423671072175672,27.674387,31.258741,12.626864999999816,0.93854308
15.515923333333436,9.823536666666525,0.11620189479978443,0.11385005839,1.0195010395009961e-05,1.8647135678052325,-0.6454096378588079,-0.8568818959218283,0.00015584400822150657,1.6932715174109567,0.017278215,0.93870354,29.769273909967783,26.931637,31.830194,12.580468333333556,0.93813175
15.274020000000018,9.731520000000211,0.10840706645044801,0.11470012437999999,6.789044652128719e-06,1.8682248029554405,-0.7323792282054198,-0.8261075658370928,0.00011401193193618404,1.6999053053581155,0.016995631,0.93830585,29.47583690332642,28.281439,30.843214,12.589793333333606,0.93747771
15.358056666666624,9.99797833333335,0.11797443749351,0.11649635191999999,5.719698544698995e-06,1.8755490667529018,-0.7679939246541543,-0.814457321393719,0.00011427193772443672,1.7130768343727574,0.017139588,0.93759942,29.1826497601245,27.660652,30.956066,12.597661666666681,0.93734217
15.166951666666623,11.30512666666667,0.11223023508772362,0.12589954114,9.810512552300843e-06,1.8355255198338878,-0.5707492571328281,-0.8998919665836786,0.00013594801350323327,1.659280030845786,0.017198391,0.93739015,29.410733218295185,27.601936,31.758406,12.51500333333291,0.9378193
15.382261666666695,9.556093333333166,0.12096253511498602,0.10717927135,7.672578947368613e-06,1.880220830379581,-0.6717203712088868,-0.8392709080455255,0.00011580526411483193,1.678001733612523,0.017440315,0.93798661,30.26027645920501,27.547781,35.537971,12.574149999999888,0.93686432
15.299966666667025,8.537316666666689,0.11715989150436976,0.12201102211999999,7.501871657753892e-06,1.8737411674766853,-0.6983728930537265,-0.8314198288236458,0.00011755740009722883,1.678204267830102,0.017020298,0.93695027,29.663670995789474,28.279856,31.311327,12.539576666666836,0.9358409
15.119356666666379,9.34002999999987,0.1145247846913008,0.12765933059999998,9.226038338658041e-06,1.862198664359688,-0.5942454800313106,-0.875616858196777,0.0001383820297221421,1.6834325839890398,0.01704544,0.93597829,29.483662466310204,28.032717,30.825722,12.540191666666942,0.93596196
15.373305000000013,8.364900000000002,0.11263012276703509,0.09581429345000002,9.250985761226405e-06,1.8890542979730722,-0.7415104284454599,-0.8089535266768493,0.00014276674449865528,1.7007071520525283,0.016914405,0.93611157,29.50023474973379,27.476347,31.761452,12.609918333332947,0.93539262
15.383923333333222,8.981664999999824,0.11497895431352055,0.10788567918000001,9.181929637526297e-06,1.8809736182988075,-0.759718217562515,-0.8094464753590226,0.00013849027621632,1.6996478060936187,0.016890477,0.93549526,29.985557595837935,27.405556,32.60178,12.613744999999957,0.93497533
15.139320000000104,8.430885000000126,0.115342949278389,0.10874703495999997,7.61892189218846e-06,1.8724833099336013,-0.6541677083869546,-0.8519523247514301,0.0001209241684168433,1.671638890259729,0.017003085,0.93508166,29.78013929637523,28.649178,31.114971,12.62464666666686,0.93425345
15.152886666666987,9.848953333333094,0.11832088808805832,0.11064277055,6.51198952879587e-06,1.8531838048364961,-0.6274495907102797,-0.8663683539499691,0.00011548900856734797,1.6675611512242159,0.017050168,0.93441522,29.62998450495049,28.512016,30.795624,12.629905000000145,0.934425
15.3020266666664,9.353161666666468,0.1103782830900152,0.1114764706,9.54902702702667e-06,1.8582999946121894,-0.7151838908810597,-0.8408499506418787,0.00014049801621621576,1.692403706560402,0.017041411,0.93457144,29.462462208376984,27.869247,31.079329,12.559774999999597,0.934008
15.256428333333558,9.012500000000001,0.1093446170764175,0.11696782168999999,8.85780065005409e-06,1.8710090136842852,-0.7438322056262359,-0.812746222281855,0.00014091047473653158,1.677354854378962,0.01698176,0.93406665,30.091051552432507,27.273579,31.653801,12.542108333332969,0.93330163
15.105128333333413,9.249950000000052,0.11503765950840951,0.11222264038,7.577586206896321e-06,1.860142219179478,-0.7003100540983951,-0.8360629470154685,0.0001152811688990219,1.6947418030588492,0.017106652,0.93348485,29.83228808450703,29.07126,31.013229,12.663471666666252,0.93299675
15.28033499999971,9.932870000000305,0.1163331386652066,0.11971107552000002,7.733598726114548e-06,1.8577158785843728,-0.7371214751509285,-0.823113710320389,0.00011680439731712113,1.6892372816620653,0.017172469,0.93321115,29.49951031870435,29.042345,30.282179,12.595543333333142,0.93273789
15.20148333333297,11.249446666666577,0.11504516652923462,0.13355534818999998,8.343460350154463e-06,1.843731766304091,-0.6538856656796006,-0.861549466198897,0.0001337661927722128,1.6815728045305305,0.017246837,0.93296957,29.440884904458592,28.322126,30.4681,12.603981666666611,0.93316191
15.300961666666748,9.176370000000073,0.11722696826730099,0.11220378445,9.235882352941346e-06,1.8660013392775097,-0.6578206939870874,-0.8498104986345775,0.0001389411200777819,1.6869641085685223,0.017280888,0.93323177,30.192094554067992,28.269844,32.159729,12.608658333333247,0.93207431
15.247646666666455,9.948440000000119,0.11970872596087802,0.10745278356000001,6.292789473684694e-06,1.8391156427408424,-0.6171111187308145,-0.8799038819816378,0.0001160539526315828,1.6980922315212965,0.017169913,0.93224084,29.838270878074844,28.505432,30.968086,12.624516666666993,0.93197173
15.17301166666633,9.293453333333307,0.1142422755335744,0.10836314707000001,9.434841875681645e-06,1.88138951234936,-0.8332123579507167,-0.7729263513686326,0.00014175493803905966,1.7130294048736379,0.017244669,0.93209404,29.563410295789467,28.289122,31.270941,12.654673333333145,0.9313494
15.264773333333142,7.481381666667099,0.11680578907821254,0.09908862618,8.06688668866853e-06,1.8968174996038565,-0.781657035372683,-0.788472146525156,0.00012103623512351251,1.6888221755865283,0.017214131,0.9315092,29.493449359869068,27.466606,31.566502,12.746660000000459,0.93058342
15.127395000000252,9.083219999999953,0.11403252755723596,0.11845909108000001,7.594117647058418e-06,1.8740050480028796,-0.7700460644232634,-0.8105876237947857,0.0001198462982768897,1.7155448386272423,0.016862525,0.93079382,29.778389415841584,27.490129,35.937202,12.671928333333442,0.93033433
15.026143333333312,9.992486666666812,0.1157898015354143,0.12023737092000002,8.545958549222481e-06,1.848527486528375,-0.6536329883293099,-0.8578963263664633,0.00013457948186528488,1.6785947157899908,0.017106798,0.93050051,29.69776901416131,28.96109,31.164455,12.701330000000114,0.9300676
15.05943833333343,9.79015499999999,0.11520623597194239,0.12112290638999999,8.245824524312914e-06,1.8544255220842334,-0.7572287017355603,-0.8108906486623374,0.00013739013694022634,1.6932012227184425,0.017359184,0.93021947,29.321838192746128,28.696192,29.978704,12.682808333333135,0.92976189
15.157425000000027,9.079704999999862,0.11492518509191177,0.11000197942000002,7.968985976267842e-06,1.8572284677716688,-0.6411713904527918,-0.8649551011064496,0.00011870472001569131,1.68775708437188,0.017444104,0.92981619,29.340441573995758,28.082251,30.990631,12.716479999999866,0.92944986
15.06800833333303,10.393450000000302,0.11425852737171961,0.12757413395,6.828309572300946e-06,1.835005230002384,-0.6989423699976349,-0.8530403235074674,0.00011208939687095123,1.6941110351036759,0.017280571,0.92968309,29.898284003236228,28.047686,31.606222,12.81457666666635,0.92939144
15.03688666666664,9.171686666666453,0.11269311525871832,0.10431896997000001,7.668965517241536e-06,1.8807499001630177,-0.6965095766999942,-0.8279717562607088,0.00011851000881661298,1.6825265816666612,0.01713199,0.92953825,29.65165283706717,28.88311,30.851498,12.641839999999986,0.92839754
15.126468333333227,10.615199999999216,0.11522125417612905,0.131142935,8.571826625387208e-06,1.8250399047040282,-0.7879298737210858,-0.823116298334289,0.00013399128436063294,1.7041865556745168,0.017329967,0.92856956,29.40438928663791,28.636641,30.088768,12.693818333333184,0.9284209
15.107503333333685,8.35809500000032,0.11071376322376744,0.08301217864000002,8.591417497231039e-06,1.8909351378575812,-0.7234168623141,-0.8176556226798493,0.00012200992399073904,1.6880855330341107,0.017382704,0.92859286,29.31616685448914,27.739473,31.00037,12.783345000000555,0.92761153
14.882861666666576,9.834274999999133,0.10944967738348291,0.12368830347000001,8.923773987206885e-06,1.8489682711983924,-0.6873405884544534,-0.8444755093802598,0.00013850229114169304,1.6809938633565038,0.017270191,0.9277761,30.285215105204887,28.551441,31.549166,12.68157333333317,0.92756259
14.584231666666652,10.28841666666655,0.11180108262841282,0.12270436494999998,7.24957850368788e-06,1.855968198409715,-0.6408214491133526,-0.8638430042380089,0.00011586471309512405,1.6925258035738788,0.017275587,0.9278087,29.695497358208996,29.167946,30.538435,12.706486666666267,0.92723507
15.099279999999757,10.141824999999757,0.113345911857406,0.11889368864,8.967750533049095e-06,1.8455088885949156,-0.7414145171045741,-0.8243016047760654,0.0001386529496995535,1.7085312184146986,0.017365687,0.92739087,29.31508192834562,28.487402,30.397367,12.741198333333402,0.92675346
14.760581666666743,7.83319833333371,0.105414440566319,0.08843163873,8.515016872891e-06,1.9047270695291894,-0.8347183488509637,-0.759318441897754,0.00012370654872686157,1.690102308675891,0.017382991,0.92691571,29.22579476119403,28.389156,30.123573,12.839513333332919,0.92590147
14.930331666666705,9.214253333333183,0.10190580342923422,0.12239348449,7.2881420765029126e-06,1.887894130939586,-0.7237956708625588,-0.8159904700648238,0.000120201813214108,1.6850068593629397,0.017077602,0.92605978,29.74861564791896,28.653137,32.954159,12.667646666666649,0.92558008
14.950168333332599,9.611690000000333,0.10816125433326745,0.12884950801,7.903567567567035e-06,1.8335764731379063,-0.7061517530907206,-0.8450101279772106,0.00011950171793611883,1.7116816585646024,0.01739002,0.92572778,29.39054294207641,28.722534,30.273691,12.837303333332724,0.92515343
14.687123333333874,10.166711666666863,0.12099606508516637,0.10852402094000001,6.911944157187569e-06,1.8449887395042792,-0.6862572420481059,-0.8515152316372884,0.00011387518473253851,1.6972971721570596,0.01748349,0.92538941,29.049976095135147,27.71879,30.091228,12.774133333332914,0.92483485
14.971423333333222,10.320286666666895,0.12375374459248525,0.11961729648000001,7.4697614107884196e-06,1.826424428707937,-0.7036039970786745,-0.8393312309781544,0.00011396650745001991,1.6946008319829229,0.017491564,0.92502576,29.14922389968976,27.203676,31.088285,12.761118333333677,0.92511177
14.791638333333928,9.177026666666887,0.10613421731566192,0.12597669719,7.564724576271081e-06,1.869818314257761,-0.708455732418825,-0.8258121705100281,0.0001163245733821262,1.6971342767655653,0.017267559,0.92528528,30.022629988589255,28.103624,32.624336,12.711855000000408,0.92410916
14.80134000000059,9.464671666666982,0.1129511837769338,0.11028331451,8.614521276595816e-06,1.8688790404245792,-0.8524777873491027,-0.7666361312207471,0.0001381744028046413,1.701665092472948,0.017344078,0.9243291,29.316825296610247,28.349602,30.188807,12.865488333333634,0.92383271
15.03783833333291,8.173916666666626,0.1150985978205538,0.09363719043000002,7.956958473625081e-06,1.8752891555170992,-0.7093404572646893,-0.8214071762600094,0.00012315593153759834,1.68726060603856,0.017347513,0.92399466,29.0128396595745,27.975349,29.812515,12.79162499999996,0.92310405
14.893161666666856,7.583295000000119,0.10642228645895276,0.10192248285000001,1.0317707150964795e-05,1.8980708049819799,-0.7681767626509308,-0.8000231000376046,0.0001471916732019376,1.687819570267788,0.017264765,0.9232977,29.21880663973069,28.208029,30.308039,12.861723333333309,0.92265218
14.888918333333763,9.459896666666221,0.10843731792877141,0.1156960898,9.095425188375048e-06,1.8663821319190896,-0.8001155211688813,-0.7939087020346431,0.000139972868186711,1.7139713929615397,0.01705947,0.92279959,29.834319111237253,28.229855,33.557537,12.716686666666646,0.92282373
15.001756666666672,8.393158333333364,0.1113138102790749,0.09631864067000001,7.379325842697011e-06,1.8710734383697785,-0.7903741700971127,-0.7971500725196694,0.00012354855617977556,1.6867949571604748,0.017305916,0.92295921,29.68398246932186,28.833872,30.733713,12.879298333332796,0.92205936
14.96847166666703,11.126823333332627,0.11966904313441551,0.12012076748999999,8.833507306889393e-06,1.8231462848897833,-0.673861622120306,-0.8624591140881597,0.00013560130385272359,1.6986588793522217,0.017401187,0.92223418,29.418846283146085,28.240053,30.302584,12.909178333332724,0.92255777
14.891616666666232,9.049491666666777,0.1096683097372508,0.11463479600000001,7.952928647497245e-06,1.881072990293693,-0.851289316168026,-0.7651369793660066,0.00011717341853035006,1.709669460686492,0.017591802,0.92278594,29.533255099164855,28.081865,31.212414,12.87533833333291,0.92186397
14.920421666666517,8.69457499999941,0.10948090167348246,0.10354797528000001,7.381590656284519e-06,1.8692921841361196,-0.7128771891828278,-0.8254955484386769,0.00012211255384770951,1.6667926266261948,0.017432896,0.9220947,30.06216599787009,28.034609,31.246557,12.965538333334068,0.92121011
14.965278333333359,9.467169999999653,0.11053641181937601,0.12651254246,9.395573770491855e-06,1.8416084159950954,-0.6895613122588138,-0.8461376788206844,0.00014149485295578826,1.7049612969172854,0.017287163,0.92136884,29.70915653948834,28.769915,30.749479,12.827713333333183,0.92097688
14.984454999999919,8.371578333333796,0.1102070980970847,0.10618900465,6.524728850325276e-06,1.8887526064713192,-0.7606688768795804,-0.7946565256635649,0.00011926194586866424,1.6929275198382354,0.017400367,0.92124456,29.45650078032785,28.962072,30.254322,12.872291666666085,0.92011851
14.962380000000003,9.640625000000004,0.10979595359233602,0.11177833012,8.17957219251365e-06,1.8731707676357368,-0.7494260285233021,-0.7975861103366529,0.0001175801157024797,1.676179284616974,0.017455738,0.9202801,29.441833299349213,28.989584,30.34306,12.97482833333294,0.92048043
14.775141666666666,8.730270000000004,0.10489140576640321,0.10530062785000001,9.345272525027689e-06,1.866264855190863,-0.7157462744449536,-0.8206505832906196,0.0001443747562948722,1.6776973904988726,0.017312495,0.92071927,30.0188142417112,29.228695,31.458517,12.86943,0.91969985
14.84402166666667,9.632400000000008,0.11748144450902076,0.12162407426000002,7.168560606060288e-06,1.8394350359877567,-0.72521110952531,-0.8332174816092125,0.0001190366435458479,1.689722657431179,0.017276712,0.91995806,29.739881496106808,29.14341,30.842354,12.931916666666666,0.91937912
14.873916666666675,9.333106666666664,0.10822936682034938,0.11604479444999997,9.295047923323143e-06,1.8764663288566457,-0.7862072318842075,-0.7898214548523794,0.000138149823313003,1.7051471160050684,0.017505556,0.91963309,29.484420508658037,28.902468,30.212023,12.917831666666673,0.91882956
14.860289999999985,8.277820000000004,0.12048971728974041,0.08854950830000001,9.052372881355776e-06,1.8659482326516796,-0.7255146706917062,-0.8182366198085267,0.0001469510744735513,1.699145107665457,0.017580582,0.91901058,29.352197657082,28.177641,30.754303,12.947793333333342,0.91838402
14.926423333333332,8.402736666666685,0.109794811273513,0.09224919073999999,9.699728850325752e-06,1.8983834347604807,-0.8467178501472747,-0.7483866761879668,0.00014093683198579976,1.6865592028689602,0.017565943,0.9185701,30.0834502203389,28.039589,31.557096,13.017434999999994,0.91799265
14.730811666666675,8.192123333333319,0.11239267114878998,0.10312047802,1.0721719955898781e-05,1.872586032532191,-0.8357801788637862,-0.7678317852853856,0.00016523695499649215,1.7127296378870174,0.017348131,0.91824591,29.78799160520602,29.142254,30.450848,13.000108333333324,0.91726613
14.913299999999982,8.985099999999996,0.11287456767757399,0.10676747683000001,9.491321388578454e-06,1.8535907767068498,-0.7789694851900992,-0.8027062763544366,0.00014557295225491222,1.7057598054253917,0.01750157,0.91748023,29.471823245865448,28.649401,30.697815,13.054645000000013,0.91706842
14.903729999999996,8.4871533333333,0.1150098470741522,0.11312063644,7.414128035320555e-06,1.8619434028929795,-0.7231335433215209,-0.8175577825765982,0.00012130735149508271,1.6965692522455171,0.017525258,0.91736901,29.324448769316916,28.2918,30.27046,12.986934999999963,0.91689008
14.55690000000001,8.810975000000024,0.11408108803006924,0.11313307756000002,7.67553304904004e-06,1.8510432948929003,-0.7001260647420895,-0.8326333365594187,0.000117179103508433,1.687686121451879,0.017426081,0.91712695,29.73540018211923,28.47846,32.244453,13.060886666666677,0.91644919
14.860136666666648,10.160733333333337,0.11957558557284843,0.13404514340999998,7.235942327497461e-06,1.8249461510194824,-0.6922864445716281,-0.848561995133025,0.00011330072465124964,1.720331710557645,0.017431693,0.91665202,29.675746860341153,29.101583,30.424376,13.04755833333335,0.91640377
14.775746666666663,9.60685333333331,0.1073141600878257,0.10564296209,6.712083780881045e-06,1.8452014474535334,-0.811877594814844,-0.791185044643561,0.00011809506884093325,1.7151735248113165,0.017555978,0.91667926,29.302014028836247,28.719515,30.449568,13.100538333333315,0.91602165
14.857660000000031,9.28003000000002,0.11337622326348898,0.12026522713,8.686590662323912e-06,1.872730126487715,-0.7439083357052336,-0.8067359889778236,0.00014096089625900484,1.6953123862497974,0.017548308,0.91624445,29.444680792696026,28.29298,30.604391,13.016371666666661,0.91583872
14.842045000000022,7.934833333333396,0.11310043176763225,0.09921101958,7.738111111111766e-06,1.8487243592775597,-0.7803702563065547,-0.7987913879397828,0.00012214881969696851,1.6890273744612205,0.017740849,0.91606337,30.121825998914236,27.866381,34.577347,13.097938333333332,0.91481793
14.856351666666646,7.762715000000025,0.11533806409994683,0.09916469949000001,7.740914158305519e-06,1.859498301091233,-0.7670169558156936,-0.8096620039897151,0.0001225844096483218,1.6933722451380677,0.017279025,0.91499096,29.75764863666666,28.243999,31.435762,12.998919999999998,0.91417789
14.83908333333323,8.350098333333273,0.12065345810010843,0.10732127436000002,7.248747276688003e-06,1.8570731015767485,-0.7668557113305003,-0.7981438160908176,0.00011968008070905177,1.7275060536083569,0.017341614,0.91442811,29.604559744704574,27.99246,31.034424,13.01339999999994,0.91399223
14.842479999999947,8.990841666666649,0.11464688065082895,0.10544630477000001,7.471428571428101e-06,1.8495469947104364,-0.7951229163790248,-0.7984886102830745,0.00011901084317197881,1.7327851674473593,0.017450487,0.91425663,29.50316028758168,27.980177,31.43181,13.162711666666656,0.91382456
14.741808333333392,8.773640000000038,0.11125617134714968,0.09818463798,8.263238636363468e-06,1.858379371436181,-0.7219591908113774,-0.8180991115442473,0.00012499488274793333,1.6997767105334884,0.017636314,0.91410035,29.806375785714287,27.762106,32.490528,13.16619833333328,0.91328871
14.84880666666674,8.05256833333333,0.11146842732329161,0.08993398430999998,8.051700680271778e-06,1.8822124769456947,-0.8494245085510097,-0.761668879044544,0.00012470947897340844,1.7028743131257555,0.017431375,0.91359586,29.707663053409078,28.532343,30.65933,13.065463333333295,0.91253859
14.813274999999944,8.086461666666706,0.115824162990549,0.10530599085999999,7.880743982494849e-06,1.8668298814437212,-0.7501755107846195,-0.7995567852520739,0.00012006773025661305,1.6957312067303636,0.017468043,0.9128558,29.368559282312916,28.274488,30.518511,13.172639999999955,0.91205031
14.794878333333328,8.470948333333215,0.110782320110857,0.11889547598,8.709220636662702e-06,1.8658287232626838,-0.8209019557752089,-0.7700310298176429,0.000142503933739147,1.6974717233768994,0.017535323,0.91229641,29.364112585339168,27.960667,31.147902,13.220586666666714,0.91180766
14.758233333333434,7.833301666666738,0.11408343322953834,0.10073762914000002,8.040586245772423e-06,1.85325384148867,-0.8315593058184398,-0.7853198806164042,0.00012408566618837775,1.7032456896600627,0.017618431,0.91206253,29.543647316136116,27.11031,31.739824,13.201973333333322,0.91131735
14.639143333333413,7.971005000000028,0.1178553543971366,0.09338332742,8.924218749999945e-06,1.8715670027686655,-0.7550862593842464,-0.7995187589686191,0.0001448537987012979,1.6835565157505472,0.017337542,0.91160858,29.804567084554662,28.712303,30.886072,13.165116666666654,0.91075987
14.603778333333322,8.567166666666768,0.11948575178551128,0.10419465593,7.472900763359159e-06,1.843052955273221,-0.8428327478376727,-0.7767908280795867,0.00011990466739367535,1.7230379009456056,0.017488511,0.91100907,29.409895003348236,28.313192,30.28026,13.129476666666717,0.91044104
14.771368333333278,7.916588333333372,0.1124548114610108,0.09054848204,7.578691275167366e-06,1.8652887025906204,-0.8150666183903459,-0.7739463389509517,0.00012299819046166267,1.7220743610356484,0.017572246,0.91073591,29.225617419847346,28.365307,30.018934,13.177659999999983,0.90997589
14.798611666666693,7.845065000000005,0.1127664999550734,0.10235436552,7.976574585635325e-06,1.8799280711282451,-0.800961047709853,-0.7763599378178392,0.00012146247112004021,1.686686674882531,0.017541327,0.91020387,29.57124524161079,28.133739,33.18071,13.178288333333331,0.9098624
14.707123333333463,7.780554999999973,0.11154976957446719,0.11309348693000001,7.693099547510676e-06,1.8642223347031597,-0.746088087209587,-0.8121629636790789,0.00012460631941587857,1.7043986626235632,0.017272655,0.91014099,29.852612228729285,28.705618,31.476921,13.122193333333295,0.90922409
14.724688333333324,8.41675666666682,0.11529255076229321,0.08051740805000002,7.719676700111145e-06,1.8645063932977428,-0.809669840539895,-0.77552738171123,0.000122629835309617,1.7130487056897516,0.017503846,0.90946555,29.64152817307688,28.702902,30.832182,13.280963333333299,0.90921253
14.679633333333431,8.819553333333412,0.11812404299900081,0.10489664848000002,8.538636363636123e-06,1.8623939257991666,-0.7790951402788577,-0.7944348056671152,0.00014055952725305213,1.7087320023330574,0.017463259,0.90952039,29.71509680267556,28.203705,31.50316,13.298686666666617,0.90896869
14.78982500000008,8.414353333333322,0.11193262384493241,0.09949827455000003,9.265239154616195e-06,1.8779329012822568,-0.7044245452747648,-0.8193813916620672,0.00014460765244210636,1.6862975954742494,0.017700687,0.90925163,29.757068237012962,27.790337,35.536098,13.419835000000118,0.90877855
14.70298833333339,7.902901666666732,0.12206048666369644,0.09305764873999998,7.81338495575196e-06,1.8665777907441263,-0.8294195231833128,-0.7736401271443483,0.00012159299376508523,1.7161170540800421,0.017499449,0.90904635,30.72363804338156,28.378496,34.458698,13.28024333333354,0.90783435
14.772503333333347,8.191251666666844,0.11260627310796921,0.09757632509000003,7.514142538975774e-06,1.8966559919642347,-0.8897492655550487,-0.735300260300609,0.0001232955684349068,1.7347919995253416,0.017515106,0.90813303,29.86360802876109,28.605309,31.273619,13.276616666666571,0.90754926
14.689098333333337,10.693225000000044,0.1207984383787785,0.10649199475,8.982574152542023e-06,1.8575301267953923,-0.7281036548089621,-0.8174783041334428,0.00013751774123651792,1.7155171676658751,0.017650992,0.90786266,29.76954443875285,28.241219,31.842936,13.34617499999998,0.90735459
14.42754999999985,10.904508333333313,0.10767542586931247,0.10652853461999999,7.476745435016608e-06,1.8657249525460193,-0.8015074657820067,-0.7833217752959732,0.00011806573918562779,1.7099627206395196,0.017810872,0.90767866,29.563155577330505,27.324516,32.100296,13.512935000000047,0.90722042
14.833243333333424,9.640279999999862,0.12202804380953969,0.10103411162999999,6.6188183807438485e-06,1.8531806465555771,-0.7623421180680556,-0.8089795193027182,0.00012054864680724081,1.705855261217975,0.017649395,0.90758336,30.32832868635882,28.844296,31.595903,13.33441833333321,0.90639377
14.59856833333324,10.003909999999934,0.11300030305783199,0.10273243317,1.037149220490006e-05,1.8648572989824295,-0.7327027427212776,-0.8113191521727011,0.00014459297479246655,1.7133495676299002,0.017521027,0.90666252,29.96321695185997,28.803045,31.100479,13.323521666666542,0.9058944
14.775164999999834,11.014630000000034,0.1142722595792656,0.11892140583,8.627783842794663e-06,1.8464911039391807,-0.8892880208890444,-0.7588570864645524,0.00014167922092100065,1.7411055260204091,0.017664304,0.90624386,29.718838338530098,28.324453,31.791206,13.422148333333462,0.90573972
14.876961666666709,9.356021666666734,0.11194968628629336,0.09361714019,8.133201357466057e-06,1.8965710874636412,-0.7831963136005307,-0.7795849135994838,0.00012424491310160247,1.689511524476363,0.017861992,0.90610081,29.671417874454207,27.425323,32.580719,13.515618333333501,0.90511268
14.679773333333287,10.27863499999997,0.11573889877146717,0.10799931297000001,8.574232456140335e-06,1.8618917607091179,-0.7493355167838702,-0.8141686738869075,0.00014244274072966467,1.7081806107416428,0.017603356,0.90546942,30.569243686651575,28.04545,31.998222,13.450524999999955,0.90467322
14.815626666666745,9.926870000000056,0.11249742364691298,0.09533804104999999,9.092864983534518e-06,1.8797465822778174,-0.8225057935689293,-0.7708498517279434,0.00014263193543558473,1.7113325078624766,0.017621538,0.90502542,29.917995873903468,29.300707,31.121027,13.50350166666661,0.90396321
14.846253333333395,9.989666666666745,0.10698144811606432,0.07997117341000003,7.778096330275385e-06,1.876476287041287,-0.8470823526551583,-0.7626957163001067,0.0001266263125521261,1.7193733017615966,0.017714407,0.90431333,29.530846535675156,28.820852,30.513535,13.55616000000009,0.90354431
14.762503333333491,10.199848333333405,0.1144133827408294,0.10425494185000002,8.552104664391802e-06,1.8583166911220415,-0.7726027408421148,-0.8041590114099405,0.00012531264608542904,1.7207226304448877,0.017755127,0.90388525,29.542809409403603,28.951563,30.221998,13.58674000000004,0.90343159
14.861928333333346,9.96325666666671,0.10872465421913229,0.08885141008000001,7.515554298642601e-06,1.8758401551643349,-0.8431286597252896,-0.7591615452991536,0.0001244484188605508,1.6910928903673739,0.017823339,0.90384847,30.314438169510808,28.682373,32.530968,13.586235000000064,0.90268427
14.826660000000025,9.26185000000017,0.11126887256338319,0.09959214878000001,7.952267573696165e-06,1.86662228801095,-0.7878275209650862,-0.793114066817226,0.0001248677350030942,1.7040634443728242,0.017648069,0.90303516,29.695051536199124,28.253572,30.890728,13.519008333333478,0.90192735
14.923755000000043,10.116488333333107,0.11760270387361833,0.10589058920000001,7.783997785160367e-06,1.8773033498582397,-0.8269694454187206,-0.7653962967208214,0.00012176845464612892,1.7264942462784645,0.017691962,0.90227199,29.345495277777722,28.023006,30.970472,13.566899999999926,0.90190428
15.011243333333308,10.976181666666525,0.1162598892606371,0.10934760735999999,7.416775956284453e-06,1.8409731789680714,-0.7660370090559474,-0.8148427702455312,0.00012027382414307085,1.7328992488774486,0.017766852,0.90228456,29.448081723145055,28.13201,31.289356,13.74745166666665,0.90181154
14.858216666666703,9.6812033333333,0.10992449763515041,0.09140848247000002,8.843714927048843e-06,1.8756798036196194,-0.8149107665718294,-0.7686405148279898,0.0001457552183450663,1.7097401583324954,0.017929494,0.90216732,30.039266667759517,27.885588,33.609497,13.751549999999892,0.90112793
14.78621000000009,10.034678333333188,0.10994929679287539,0.10658694845000002,9.434687156970017e-06,1.8585869931386345,-0.8278992504379583,-0.7808000073748282,0.0001424216121145588,1.7124079866091162,0.017525747,0.90148449,29.956921648709365,28.210436,31.610598,13.681848333333376,0.90070677
13.167821666666715,9.40075999999996,0.11367611340445001,0.09842803481999998,9.238757062147047e-06,1.867325512827669,-0.8477799751306363,-0.766009006530958,0.00014673849409347768,1.7280367575770137,0.017672839,0.90114236,29.669834014270048,28.335587,31.364939,13.776740000000185,0.89997691
14.915365000000019,10.469796666666662,0.10788998952814335,0.10641069432999997,7.92954796030887e-06,1.8702936088371207,-0.8159973019344111,-0.7777757327301662,0.00012124959757442114,1.7085657469289766,0.017881336,0.9003045,29.654862825988808,27.784344,32.471245,13.80921166666667,0.89955735
14.937425000000076,9.952316666666833,0.1110657977022922,0.10822608114,7.03054945054946e-06,1.853042251385439,-0.7963884692345498,-0.7932188757348808,0.00012067124325674397,1.7185050874547023,0.018117189,0.9000321,29.95358150606393,27.841455,31.598202,13.989108333333327,0.89931047
15.004369999999957,10.637608333333384,0.10932479706700801,0.10816000574000001,1.0303187919463334e-05,1.853529047581848,-0.8431779354981384,-0.7716038161588747,0.0001452040405735215,1.7192743979710605,0.017658357,0.8997466,30.124007730769232,29.083553,31.444422,13.677993333333385,0.89878047
15.043911666666585,9.491188333333168,0.1096676538641517,0.10891411323,7.891061452513687e-06,1.8768264871661735,-0.8100083321156166,-0.7743619124800968,0.00012287238598273343,1.7107801232372477,0.017904079,0.89918607,29.484996938478695,28.956854,30.28289,13.911404999999892,0.89779663
14.908594999999817,9.14992000000008,0.1062885932641444,0.08107365601000001,9.241868512110324e-06,1.8831769968682897,-0.8675606834916367,-0.7493525125015684,0.0001499554624095644,1.7175961617485185,0.017966257,0.8981595,29.266699004469288,28.608404,29.69458,13.950973333333241,0.89730352
13.069741666666715,9.978428333333675,0.10656651464017879,0.10620429176999997,9.148417030567349e-06,1.8706140409320307,-0.8265388708392374,-0.7643454288161045,0.00014164798729654628,1.7033973553985025,0.017840862,0.89767331,29.56370250519031,28.200342,31.706028,13.815496666666878,0.89745432
15.128240000000128,10.210878333333433,0.1056733630704083,0.10251876136999999,7.9627647714603e-06,1.8537385957380985,-0.8404209574183046,-0.7690056163815465,0.0001225457474409652,1.7201912402124735,0.01769669,0.89784443,29.92798898908291,28.910851,31.362181,13.873665000000134,0.8967039
14.934701666666662,9.424078333333213,0.11279321189779419,0.09445835811999999,7.791081382386114e-06,1.864639582866213,-0.7285996899424108,-0.8030852597459374,0.00012242879598662297,1.6751593585580902,0.017979123,0.89710689,29.387591793756982,28.425436,30.342009,13.951896666666531,0.89609724
15.148126666666455,8.717235000000315,0.11242935977805639,0.09437820188000003,1.023310423825905e-05,1.8804544595249522,-0.8940765139911302,-0.7327981734361025,0.00014889107570550974,1.7133344056504618,0.017896362,0.8965081,29.374575774804875,28.141798,30.42452,13.925108333333144,0.89536071
15.032928333333498,8.933213333333455,0.11290017827982318,0.09351063111,7.255450500556379e-06,1.8866334947872776,-0.879665951288445,-0.7336165132835439,0.00012215450500556,1.6995601040513226,0.017857101,0.89577001,29.43815135738836,27.848492,31.012711,13.971470000000165,0.89536411
15.198484999999831,10.547675000000163,0.1097369144588512,0.10414001822999999,8.830760869565188e-06,1.8506107745606841,-0.7922138917758756,-0.790657627263992,0.0001411697139328046,1.7050583622749664,0.017701831,0.89571577,29.869383679644034,27.668037,31.447159,13.940266666666624,0.8953476
13.078676666666677,11.393958333333527,0.1005575135303202,0.10132311646,7.240750816104915e-06,1.8656519282272657,-0.8034606713223216,-0.7839389377273691,0.00011969749381738896,1.7048058081536088,0.017987736,0.89574414,29.789323858695646,28.540003,30.981981,14.105618333333405,0.89527869
15.358146666667015,10.213686666666764,0.11037554319007659,0.11462538215000001,8.177519379845218e-06,1.8586364060591027,-0.7697887043858467,-0.8010888209893479,0.0001218788689217749,1.7167541975225393,0.018072205,0.89569384,29.739595128400403,28.736422,31.064201,14.202608333333046,0.89437431
12.984768333333097,9.889318333333357,0.10715889490998924,0.09597120375,7.65687711386726e-06,1.876741426932889,-0.8340224066040727,-0.7681346287151589,0.00012418585477093537,1.7137056486061455,0.018154923,0.89476687,29.685682722037704,28.514885,31.816948,14.348619999999936,0.89412421
15.257498333333448,10.42430666666672,0.11118326595529629,0.10217734236999998,8.116703296703307e-06,1.8562848981654612,-0.879812508454386,-0.75846501083044,0.00012085892807192981,1.7193864145792999,0.01798022,0.89447349,30.554341730552473,28.667315,33.08514,14.24010833333353,0.89382905
15.346053333333597,10.405515000000014,0.101151556128384,0.10737882925999999,7.435261401557136e-06,1.8720382147246055,-0.91558831998465,-0.7265734099202427,0.00012220223885124937,1.7201126122772126,0.017904485,0.89426976,30.157399791208718,29.210604,31.596014,14.331010000000242,0.89312911
13.036685000000094,9.32663500000005,0.11339995623179176,0.1001435396,9.574531422270948e-06,1.865210333973665,-0.7670252551747856,-0.800503099496702,0.0001430052681166682,1.692746909252585,0.018060766,0.89358097,29.70996360289215,29.032572,30.520838,14.33661499999968,0.89211524
15.217194999999869,8.538665000000039,0.10616740945818046,0.08420994458,8.112327188940515e-06,1.870708257007389,-0.7953559738003246,-0.7854166811343908,0.0001266884598868869,1.693886741537668,0.018126015,0.89257753,29.611540685777314,28.130737,30.887817,14.350413333333563,0.89203632
12.984443333333182,8.828740000000106,0.1120378967080812,0.09393288362999999,8.19825056433391e-06,1.8704531930456563,-0.7783358225752197,-0.786706859284543,0.00012424431151241615,1.680438893951026,0.017521614,0.89243031,30.17669073963132,27.559511,33.792694,14.20756333333314,0.89140147
12.973456666666607,9.167613333333188,0.10578108070275676,0.10361518884000002,7.868791946309414e-06,1.8739344546800834,-0.8558030182500667,-0.7451641275071753,0.00012267380160667013,1.7235774418526228,0.017785897,0.8917948,30.039951279909655,28.67157,31.583984,14.445178333333267,0.89089859
15.71261833333362,9.787271666666493,0.11025780676398553,0.12408197071999999,7.355044345898075e-06,1.87975458592329,-0.8692718202500229,-0.745335390470024,0.00012188855523080015,1.7213708058510897,0.017914442,0.89133042,29.751822756152155,28.165657,31.494835,14.603073333333304,0.89087069
13.056653333333571,10.675053333333441,0.10952053630286229,0.11584614518000001,9.867627856365316e-06,1.8461795789875683,-0.8255853504106772,-0.7834399417036301,0.00014126672123849953,1.7006843835063354,0.0179023,0.89119691,29.641241001108693,27.546265,32.265465,14.786348333333445,0.89044029
12.966013333333347,9.982913333333272,0.1037845664814434,0.10963512705000002,7.432064017659832e-06,1.874155624322392,-0.802101335488147,-0.7759901133618954,0.00012143510385310002,1.7036889800146147,0.018284878,0.89092457,30.17987724374315,27.596317,33.078175,15.132345000000107,0.88999736
15.914316666666611,9.13412166666676,0.106227095625771,0.08923071836999999,9.62116704805498e-06,1.8847319602683803,-0.8779767904469531,-0.7438157536873029,0.00014859027407946996,1.6979423005730316,0.017944973,0.89046657,30.248497717439342,29.164862,31.571215,14.76116666666688,0.88915247
13.032213333333008,10.102776666666614,0.10660138960453919,0.14237521192999997,9.53417582417554e-06,1.8546908811287093,-0.7187580317557591,-0.8274431517597498,0.00014273722677322632,1.7129333763884624,0.018052191,0.88960183,29.816517057208188,28.830477,31.178211,14.987956666667014,0.88885164
13.013344999999875,10.089566666666359,0.10507413075245352,0.10931880391000001,7.701670378618885e-06,1.8542634643067797,-0.8272791168147227,-0.7770260631345359,0.00012250437841668157,1.7312446917714905,0.018213565,0.88923907,29.647214451648384,28.825537,31.050768,15.097468333333381,0.88830948
12.907826666666853,9.669856666666844,0.10659084316038149,0.13430439322,7.655567928730772e-06,1.8651276007957354,-0.7732668887418481,-0.7907245111650573,0.0001223846618748728,1.6873514792153643,0.018358532,0.88875818,29.881009272828535,28.66267,31.848654,15.314794999999867,0.8880741
12.98397499999992,8.833213333333454,0.11082081391504849,0.10750350020999998,9.938814317673112e-06,1.8758240036201728,-0.8594897147188747,-0.7493956490393803,0.0001453606609721365,1.7406561917681718,0.018007591,0.88846362,30.285387042316266,29.270548,31.273415,15.031663333333078,0.88689917
12.950110000000373,9.667074999999992,0.10649691742738798,0.11271297053999998,7.63835005574119e-06,1.8594131967623106,-0.8137911316969051,-0.7731791670523743,0.00012259842302624968,1.708814387870513,0.018296698,0.88739073,29.63196630760624,28.773901,30.554842,15.45678666666645,0.88664222
12.960241666666601,9.320826666666836,0.1125291980068817,0.12075630708,7.375913621262257e-06,1.8676193594018184,-0.8748130359151816,-0.7501926991875368,0.00012158891724554624,1.726521426007205,0.018337956,0.88711303,29.29185346488294,28.146858,30.357071,15.636819999999716,0.8862347
12.985693333333376,8.731548333333437,0.104149193789541,0.09764749107,7.799084668192156e-06,1.8937625500183644,-0.8337948197748184,-0.7572831111545556,0.00012570467287289412,1.7111327067743722,0.01824268,0.88658297,29.404772383167224,27.804314,31.427868,15.584818333333534,0.88576037
12.962831666666412,9.300701666666523,0.1065078338151,0.12052987745,9.648190789473416e-06,1.8614729566795623,-0.9122315212742134,-0.7374323529333703,0.00014249027462121075,1.7250160614546821,0.018105242,0.88627446,29.76426835240274,28.818935,31.189903,15.727803333333577,0.88519615
12.952231666666437,10.03912666666632,0.110522097629556,0.10902662267000002,9.374614537445236e-06,1.856616663275386,-0.8394865651373467,-0.7667547913160363,0.00014293131758109733,1.7221215691660818,0.018398931,0.8857156,29.576134615131647,28.777828,30.263626,16.126963333333453,0.8849709
12.938864999999836,9.148091666666732,0.1091686131631674,0.10540434124,8.113258426965823e-06,1.850240266150579,-0.8215236552807959,-0.7729878812785751,0.0001235261506639434,1.716582543739503,0.018470179,0.88550287,29.436187479074984,28.714975,30.048082,16.325211666666533,0.88417327
12.854966666666343,7.556946666666773,0.110665552820914,0.09302639919,8.190253748558369e-06,1.90293641171585,-0.8398420295438811,-0.7439359180098533,0.00012685158225857218,1.675596436230154,0.018552251,0.8846699,29.466458555056217,28.263231,30.761768,16.437023333333492,0.88342136
12.844124999999863,7.605908333333112,0.10409844313669321,0.07706619371000001,7.801626016260396e-06,1.9125201694263092,-0.8940896402841063,-0.7102747283595365,0.00012772449107802822,1.69873127029917,0.018412119,0.88385767,30.006271524798187,27.975929,35.083157,16.181244999999763,0.88270986
12.9574166666663,9.327390000000014,0.10985019158106,0.11573425864,7.490011160714344e-06,1.856273805803205,-0.8537677138170747,-0.7655591671665937,0.00012258333603896006,1.7159343815225676,0.018501414,0.88318837,29.931152945412286,28.644972,31.402756,16.94058500000004,0.88279635
12.94310833333293,9.73455833333331,0.10394386168340865,0.12187980197000002,8.33905723905686e-06,1.863557048716761,-0.9160492353355312,-0.731030598295016,0.00012338848739924484,1.728036510001738,0.018602408,0.88330829,29.558068626116086,27.945745,31.421717,17.450274999999966,0.88250351
12.98387666666628,10.101273333333667,0.10953046566529208,0.12274182537000002,9.436487964988778e-06,1.8542254535844056,-0.8870879102510072,-0.7442986261918471,0.00014213389546449215,1.7441762872084092,0.018546328,0.88290602,29.522636958473587,27.223324,32.576427,18.07647999999996,0.88227254
12.877191666666477,9.787066666666457,0.10187914850130521,0.11381442941,9.344147157190812e-06,1.8712068174958478,-0.8629067872082774,-0.7519428824542339,0.00014477543427587018,1.7152111881491652,0.01847907,0.88271004,29.661822408096274,27.506575,32.016571,18.57517333333332,0.88164717
12.909031666666852,9.742981666666553,0.11002582606788576,0.12063696057,7.822300981461302e-06,1.8569253916685418,-0.8840634665338962,-0.7437711114919885,0.0001198729964310479,1.7213363097294623,0.01873422,0.88203371,29.767828764771423,28.659742,30.885305,18.891593333333244,0.8808614
12.927884999999758,10.749368333333402,0.10772782991462922,0.1075215469,7.973819978045764e-06,1.830913329703515,-0.783064619342035,-0.8016063592782857,0.0001207091283305089,1.7138377215672373,0.019011695,0.88128859,29.316958499454742,28.55242,30.295387,20.120753333332928,0.88081896
12.87445499999982,11.25131333333314,0.107274475272789,0.12680137225,9.171828752642595e-06,1.8389269696881592,-0.7877091881205285,-0.8031606361299768,0.0001373653925619825,1.693875504163677,0.018964136,0.8812868,29.353971120746447,28.53191,30.624968,20.732776666666904,0.88042963
12.868714999999794,11.405505000000025,0.1041651457356719,0.11180536107,7.829955703211338e-06,1.8306372651359217,-0.9062678732061298,-0.7554116706107736,0.00012188558743581926,1.7186239148242906,0.019051207,0.88089389,29.542326994714468,28.930401,31.221241,21.906704999999782,0.88012493
